,location,date,vaccine,total_vaccinations,people_vaccinated,people_fully_vaccinated,total_boosters
0,Guatemala,2021-02-25,Moderna,0,0.0,0.0,
1,Guatemala,2021-02-27,Moderna,2224,2224.0,0.0,
2,Guatemala,2021-03-01,Moderna,2427,2427.0,0.0,
3,Guatemala,2021-03-11,"Moderna, Oxford/AstraZeneca",19947,19947.0,0.0,
4,Guatemala,2021-03-12,"Moderna, Oxford/AstraZeneca",28534,28534.0,0.0,
5,Guatemala,2021-03-13,"Moderna, Oxford/AstraZeneca",30890,30890.0,0.0,
6,Guatemala,2021-03-14,"Moderna, Oxford/AstraZeneca",34217,34217.0,0.0,
7,Guatemala,2021-03-15,"Moderna, Oxford/AstraZeneca",42330,42330.0,0.0,
8,Guatemala,2021-03-16,"Moderna, Oxford/AstraZeneca",48130,48130.0,0.0,
9,Guatemala,2021-03-17,"Moderna, Oxford/AstraZeneca",55060,55060.0,0.0,
10,Guatemala,2021-03-18,"Moderna, Oxford/AstraZeneca",60182,60182.0,0.0,
11,Guatemala,2021-03-19,"Moderna, Oxford/AstraZeneca",66399,66399.0,0.0,
12,Guatemala,2021-03-20,"Moderna, Oxford/AstraZeneca",68852,68852.0,0.0,
13,Guatemala,2021-03-21,"Moderna, Oxford/AstraZeneca",69266,69266.0,0.0,
14,Guatemala,2021-03-22,"Moderna, Oxford/AstraZeneca",72405,72405.0,0.0,
15,Guatemala,2021-03-23,"Moderna, Oxford/AstraZeneca",78350,78350.0,0.0,
16,Guatemala,2021-03-24,"Moderna, Oxford/AstraZeneca",83076,83076.0,0.0,
17,Guatemala,2021-03-25,"Moderna, Oxford/AstraZeneca",88694,88694.0,0.0,
18,Guatemala,2021-03-26,"Moderna, Oxford/AstraZeneca",91918,91918.0,0.0,
19,Guatemala,2021-03-27,"Moderna, Oxford/AstraZeneca",93601,93231.0,370.0,
20,Guatemala,2021-03-28,"Moderna, Oxford/AstraZeneca",94272,93902.0,370.0,
21,Guatemala,2021-03-29,"Moderna, Oxford/AstraZeneca",98920,98402.0,518.0,
22,Guatemala,2021-03-30,"Moderna, Oxford/AstraZeneca",104919,103959.0,960.0,
23,Guatemala,2021-03-31,"Moderna, Oxford/AstraZeneca",108165,106973.0,1192.0,
24,Guatemala,2021-04-01,"Moderna, Oxford/AstraZeneca",110438,109246.0,1192.0,
25,Guatemala,2021-04-02,"Moderna, Oxford/AstraZeneca",112751,111559.0,1192.0,
26,Guatemala,2021-04-03,"Moderna, Oxford/AstraZeneca",114511,113319.0,1192.0,
27,Guatemala,2021-04-04,"Moderna, Oxford/AstraZeneca",116221,115029.0,1192.0,
28,Guatemala,2021-04-05,"Moderna, Oxford/AstraZeneca",119558,118325.0,1233.0,
29,Guatemala,2021-04-06,"Moderna, Oxford/AstraZeneca",123473,121848.0,1625.0,
30,Guatemala,2021-04-07,"Moderna, Oxford/AstraZeneca",127945,126320.0,1625.0,
31,Guatemala,2021-04-08,"Moderna, Oxford/AstraZeneca",132611,130985.0,1626.0,
32,Guatemala,2021-04-09,"Moderna, Oxford/AstraZeneca",137716,136077.0,1639.0,
33,Guatemala,2021-04-10,"Moderna, Oxford/AstraZeneca",139010,137371.0,1639.0,
34,Guatemala,2021-04-11,"Moderna, Oxford/AstraZeneca",139490,137851.0,1639.0,
35,Guatemala,2021-04-12,"Moderna, Oxford/AstraZeneca",143488,141766.0,1722.0,
36,Guatemala,2021-04-13,"Moderna, Oxford/AstraZeneca",147614,145795.0,1819.0,
37,Guatemala,2021-04-14,"Moderna, Oxford/AstraZeneca",150898,149078.0,1820.0,
38,Guatemala,2021-04-15,"Moderna, Oxford/AstraZeneca",154556,152733.0,1823.0,
39,Guatemala,2021-04-16,"Moderna, Oxford/AstraZeneca",157745,155919.0,1826.0,
40,Guatemala,2021-04-17,"Moderna, Oxford/AstraZeneca",157799,155973.0,1826.0,
41,Guatemala,2021-04-18,"Moderna, Oxford/AstraZeneca",157800,155974.0,1826.0,
42,Guatemala,2021-04-19,"Moderna, Oxford/AstraZeneca",158918,157092.0,1826.0,
43,Guatemala,2021-04-20,"Moderna, Oxford/AstraZeneca",160370,158543.0,1827.0,
44,Guatemala,2021-04-21,"Moderna, Oxford/AstraZeneca",162110,160282.0,1828.0,
45,Guatemala,2021-04-22,"Moderna, Oxford/AstraZeneca",163438,161608.0,1830.0,
46,Guatemala,2021-04-23,"Moderna, Oxford/AstraZeneca",165271,163431.0,1840.0,
47,Guatemala,2021-04-26,"Moderna, Oxford/AstraZeneca",166209,164368.0,1841.0,
48,Guatemala,2021-04-27,"Moderna, Oxford/AstraZeneca",167447,165549.0,1898.0,
49,Guatemala,2021-04-28,"Moderna, Oxford/AstraZeneca",168367,166469.0,1898.0,
50,Guatemala,2021-04-29,"Moderna, Oxford/AstraZeneca",170109,168211.0,1898.0,
51,Guatemala,2021-04-30,"Moderna, Oxford/AstraZeneca",170833,168935.0,1898.0,
52,Guatemala,2021-05-01,"Moderna, Oxford/AstraZeneca",171267,169369.0,1898.0,
53,Guatemala,2021-05-02,"Moderna, Oxford/AstraZeneca",171695,169797.0,1898.0,
54,Guatemala,2021-05-03,"Moderna, Oxford/AstraZeneca",172490,170591.0,1899.0,
55,Guatemala,2021-05-04,"Moderna, Oxford/AstraZeneca",176102,174152.0,1950.0,
56,Guatemala,2021-05-05,"Moderna, Oxford/AstraZeneca",182332,180072.0,2260.0,
57,Guatemala,2021-05-06,"Moderna, Oxford/AstraZeneca",191128,188671.0,2457.0,
58,Guatemala,2021-05-07,"Moderna, Oxford/AstraZeneca",204328,201836.0,2492.0,
59,Guatemala,2021-05-08,"Moderna, Oxford/AstraZeneca",206951,204459.0,2492.0,
60,Guatemala,2021-05-10,"Moderna, Oxford/AstraZeneca",217348,214830.0,2518.0,
61,Guatemala,2021-05-11,"Moderna, Oxford/AstraZeneca",232949,230431.0,2518.0,
62,Guatemala,2021-05-12,"Moderna, Oxford/AstraZeneca",245772,243251.0,2521.0,
63,Guatemala,2021-05-13,"Moderna, Oxford/AstraZeneca",259768,257247.0,2521.0,
64,Guatemala,2021-05-14,"Moderna, Oxford/AstraZeneca",274434,271912.0,2522.0,
65,Guatemala,2021-05-15,"Moderna, Oxford/AstraZeneca",276843,274321.0,2522.0,
66,Guatemala,2021-05-16,"Moderna, Oxford/AstraZeneca",279902,277380.0,2522.0,
67,Guatemala,2021-05-17,"Moderna, Oxford/AstraZeneca",293643,291108.0,2535.0,
68,Guatemala,2021-05-18,"Moderna, Oxford/AstraZeneca",308299,305764.0,2535.0,
69,Guatemala,2021-05-19,"Moderna, Oxford/AstraZeneca",323720,321185.0,2535.0,
70,Guatemala,2021-05-20,"Moderna, Oxford/AstraZeneca",337356,334821.0,2535.0,
71,Guatemala,2021-05-21,"Moderna, Oxford/AstraZeneca",350418,347883.0,2535.0,
72,Guatemala,2021-05-22,"Moderna, Oxford/AstraZeneca",352111,349576.0,2535.0,
73,Guatemala,2021-05-23,"Moderna, Oxford/AstraZeneca",352941,350406.0,2535.0,
74,Guatemala,2021-05-24,"Moderna, Oxford/AstraZeneca",363400,360865.0,2535.0,
75,Guatemala,2021-05-25,"Moderna, Oxford/AstraZeneca",409532,374708.0,34824.0,
76,Guatemala,2021-05-26,"Moderna, Oxford/AstraZeneca",429959,385620.0,44339.0,
77,Guatemala,2021-05-27,"Moderna, Oxford/AstraZeneca",452100,397545.0,54555.0,
78,Guatemala,2021-05-28,"Moderna, Oxford/AstraZeneca",478753,414035.0,64718.0,
79,Guatemala,2021-05-29,"Moderna, Oxford/AstraZeneca",485004,418060.0,66944.0,
80,Guatemala,2021-05-30,"Moderna, Oxford/AstraZeneca",488129,419903.0,68226.0,
81,Guatemala,2021-05-31,"Moderna, Oxford/AstraZeneca",514240,436067.0,78173.0,
82,Guatemala,2021-06-01,"Moderna, Oxford/AstraZeneca",540944,452036.0,88908.0,
83,Guatemala,2021-06-02,"Moderna, Oxford/AstraZeneca",561976,464587.0,97389.0,
84,Guatemala,2021-06-03,"Moderna, Oxford/AstraZeneca",580186,476769.0,103417.0,
85,Guatemala,2021-06-04,"Moderna, Oxford/AstraZeneca",594780,485681.0,109099.0,
86,Guatemala,2021-06-05,"Moderna, Oxford/AstraZeneca",595590,486162.0,109428.0,
87,Guatemala,2021-06-06,"Moderna, Oxford/AstraZeneca",596858,486822.0,110036.0,
88,Guatemala,2021-06-07,"Moderna, Oxford/AstraZeneca",607689,492410.0,115279.0,
89,Guatemala,2021-06-08,"Moderna, Oxford/AstraZeneca",620011,499403.0,120608.0,
90,Guatemala,2021-06-09,"Moderna, Oxford/AstraZeneca",632992,507540.0,125452.0,
91,Guatemala,2021-06-10,"Moderna, Oxford/AstraZeneca",647339,517630.0,129709.0,
92,Guatemala,2021-06-11,"Moderna, Oxford/AstraZeneca",661648,528318.0,133330.0,
93,Guatemala,2021-06-12,"Moderna, Oxford/AstraZeneca",664722,531121.0,133601.0,
94,Guatemala,2021-06-13,"Moderna, Oxford/AstraZeneca",667044,533175.0,133869.0,
95,Guatemala,2021-06-14,"Moderna, Oxford/AstraZeneca",683752,547657.0,136095.0,
96,Guatemala,2021-06-15,"Moderna, Oxford/AstraZeneca",712099,573680.0,138419.0,
97,Guatemala,2021-06-16,"Moderna, Oxford/AstraZeneca",745323,604173.0,141150.0,
98,Guatemala,2021-06-17,"Moderna, Oxford/AstraZeneca",775390,631298.0,144092.0,
99,Guatemala,2021-06-18,"Moderna, Oxford/AstraZeneca",805585,658434.0,147151.0,
100,Guatemala,2021-06-19,"Moderna, Oxford/AstraZeneca",808754,661474.0,147280.0,
101,Guatemala,2021-06-20,"Moderna, Oxford/AstraZeneca",813278,665871.0,147407.0,
102,Guatemala,2021-06-21,"Moderna, Oxford/AstraZeneca",836639,686920.0,149719.0,
103,Guatemala,2021-06-22,"Moderna, Oxford/AstraZeneca",859739,707948.0,151791.0,
104,Guatemala,2021-06-23,"Moderna, Oxford/AstraZeneca",880570,727397.0,153173.0,
105,Guatemala,2021-06-24,"Moderna, Oxford/AstraZeneca",900370,745182.0,155188.0,
106,Guatemala,2021-06-25,"Moderna, Oxford/AstraZeneca",918047,760474.0,157573.0,
107,Guatemala,2021-06-26,"Moderna, Oxford/AstraZeneca",920215,762497.0,157718.0,
108,Guatemala,2021-06-27,"Moderna, Oxford/AstraZeneca",922560,764745.0,157815.0,
109,Guatemala,2021-06-28,"Moderna, Oxford/AstraZeneca",925387,767392.0,157995.0,
110,Guatemala,2021-06-29,"Moderna, Oxford/AstraZeneca",938005,778519.0,159486.0,
111,Guatemala,2021-06-30,"Moderna, Oxford/AstraZeneca",948878,788440.0,160438.0,
112,Guatemala,2021-07-01,"Moderna, Oxford/AstraZeneca",957886,796497.0,161389.0,
113,Guatemala,2021-07-03,"Moderna, Oxford/AstraZeneca",968734,805372.0,163362.0,
114,Guatemala,2021-07-04,"Moderna, Oxford/AstraZeneca",970183,806729.0,163454.0,
115,Guatemala,2021-07-05,"Moderna, Oxford/AstraZeneca",980255,813743.0,166512.0,
116,Guatemala,2021-07-06,"Moderna, Oxford/AstraZeneca",992483,822074.0,170409.0,
117,Guatemala,2021-07-07,"Moderna, Oxford/AstraZeneca",1002959,827180.0,175779.0,
118,Guatemala,2021-07-08,"Moderna, Oxford/AstraZeneca",1014644,833152.0,181492.0,
119,Guatemala,2021-07-09,"Moderna, Oxford/AstraZeneca",1028399,840367.0,188032.0,
120,Guatemala,2021-07-11,"Moderna, Oxford/AstraZeneca",1034310,844228.0,190082.0,
121,Guatemala,2021-07-12,"Moderna, Oxford/AstraZeneca",1051395,852968.0,198427.0,
122,Guatemala,2021-07-13,"Moderna, Oxford/AstraZeneca",1092916,878966.0,213950.0,
123,Guatemala,2021-07-14,"Moderna, Oxford/AstraZeneca",1146477,917645.0,228832.0,
124,Guatemala,2021-07-15,"Moderna, Oxford/AstraZeneca",1202164,960345.0,241819.0,
125,Guatemala,2021-07-16,"Moderna, Oxford/AstraZeneca",1259164,1004437.0,254727.0,
126,Guatemala,2021-07-17,"Moderna, Oxford/AstraZeneca",1274825,1017540.0,257285.0,
127,Guatemala,2021-07-18,"Moderna, Oxford/AstraZeneca",1288797,1030094.0,258703.0,
128,Guatemala,2021-07-20,"Moderna, Oxford/AstraZeneca",1396843,1118717.0,278126.0,
129,Guatemala,2021-07-21,"Moderna, Oxford/AstraZeneca",1462767,1176331.0,286436.0,
130,Guatemala,2021-07-22,"Moderna, Oxford/AstraZeneca",1531709,1238799.0,292910.0,
131,Guatemala,2021-07-23,"Moderna, Oxford/AstraZeneca",1664494,1363387.0,301107.0,
132,Guatemala,2021-07-24,"Moderna, Oxford/AstraZeneca",1700692,1398128.0,302564.0,
133,Guatemala,2021-07-25,"Moderna, Oxford/AstraZeneca",1726905,1423602.0,303303.0,
134,Guatemala,2021-07-26,"Moderna, Oxford/AstraZeneca",1798598,1489259.0,309339.0,
135,Guatemala,2021-07-27,"Moderna, Oxford/AstraZeneca",1877250,1561791.0,315459.0,
136,Guatemala,2021-07-28,"Moderna, Oxford/AstraZeneca",1950167,1628458.0,321709.0,
137,Guatemala,2021-07-29,"Moderna, Oxford/AstraZeneca",2028885,1701925.0,326960.0,
138,Guatemala,2021-07-30,"Moderna, Oxford/AstraZeneca",2108172,1774324.0,333848.0,
139,Guatemala,2021-07-31,"Moderna, Oxford/AstraZeneca",2160074,1824440.0,335634.0,
140,Guatemala,2021-08-01,"Moderna, Oxford/AstraZeneca",2208301,1870179.0,338122.0,
141,Guatemala,2021-08-02,"Moderna, Oxford/AstraZeneca",2285975,1939952.0,346023.0,
142,Guatemala,2021-08-03,"Moderna, Oxford/AstraZeneca",2376520,2025946.0,350574.0,
143,Guatemala,2021-08-04,"Moderna, Oxford/AstraZeneca",2475160,2119064.0,356096.0,
144,Guatemala,2021-08-05,"Moderna, Oxford/AstraZeneca",2557374,2195910.0,361464.0,
145,Guatemala,2021-08-06,"Moderna, Oxford/AstraZeneca",2631804,2261229.0,370575.0,
146,Guatemala,2021-08-07,"Moderna, Oxford/AstraZeneca",2673011,2299761.0,373250.0,
147,Guatemala,2021-08-08,"Moderna, Oxford/AstraZeneca",2698865,2323055.0,375810.0,
148,Guatemala,2021-08-09,"Moderna, Oxford/AstraZeneca",2777441,2389325.0,388116.0,
149,Guatemala,2021-08-10,"Moderna, Oxford/AstraZeneca",2867290,2462592.0,404698.0,
150,Guatemala,2021-08-12,"Moderna, Oxford/AstraZeneca",3066401,2597559.0,468842.0,
151,Guatemala,2021-08-13,"Moderna, Oxford/AstraZeneca",3177622,2663369.0,514253.0,
152,Guatemala,2021-08-14,"Moderna, Oxford/AstraZeneca",3222455,2694803.0,527652.0,
153,Guatemala,2021-08-15,"Moderna, Oxford/AstraZeneca",3249244,2713722.0,535522.0,
154,Guatemala,2021-08-16,"Moderna, Oxford/AstraZeneca",3315819,2748064.0,567755.0,
155,Guatemala,2021-08-17,"Moderna, Oxford/AstraZeneca",3423977,2809079.0,614898.0,
156,Guatemala,2021-08-18,"Moderna, Oxford/AstraZeneca",3528413,2859182.0,669231.0,
157,Guatemala,2021-08-19,"Moderna, Oxford/AstraZeneca",3635762,2906652.0,729110.0,
158,Guatemala,2021-08-20,"Moderna, Oxford/AstraZeneca",3747055,2952076.0,794979.0,
159,Guatemala,2021-08-21,"Moderna, Oxford/AstraZeneca",3790899,2977295.0,813604.0,
160,Guatemala,2021-08-22,"Moderna, Oxford/AstraZeneca",3824281,2997560.0,826721.0,
161,Guatemala,2021-08-23,"Moderna, Oxford/AstraZeneca",3919668,3040716.0,878952.0,
162,Guatemala,2021-08-24,"Moderna, Oxford/AstraZeneca",4027957,3095055.0,932902.0,
163,Guatemala,2021-08-25,"Moderna, Oxford/AstraZeneca",4124813,3142517.0,982296.0,
164,Guatemala,2021-08-26,"Moderna, Oxford/AstraZeneca",4224046,3187866.0,1036180.0,
165,Guatemala,2021-08-27,"Moderna, Oxford/AstraZeneca",4332914,3232000.0,1100914.0,
166,Guatemala,2021-08-28,"Moderna, Oxford/AstraZeneca",4383318,3257037.0,1126281.0,
167,Guatemala,2021-08-29,"Moderna, Oxford/AstraZeneca",4416495,3273717.0,1142778.0,
168,Guatemala,2021-08-30,"Moderna, Oxford/AstraZeneca",4508175,3310257.0,1197918.0,
169,Guatemala,2021-08-31,"Moderna, Oxford/AstraZeneca",4607145,3352959.0,1254186.0,
170,Guatemala,2021-09-01,"Moderna, Oxford/AstraZeneca",4699503,3389993.0,1309510.0,
171,Guatemala,2021-09-02,"Moderna, Oxford/AstraZeneca",4786631,3424395.0,1362236.0,
172,Guatemala,2021-09-03,"Moderna, Oxford/AstraZeneca",4859452,3450238.0,1409214.0,
173,Guatemala,2021-09-04,"Moderna, Oxford/AstraZeneca",4905431,3469812.0,1435619.0,
174,Guatemala,2021-09-05,"Moderna, Oxford/AstraZeneca",4937573,3485247.0,1452326.0,
175,Guatemala,2021-09-09,"Moderna, Oxford/AstraZeneca",5334183,3655878.0,1678305.0,
176,Guatemala,2021-09-10,"Moderna, Oxford/AstraZeneca",5455282,3712647.0,1742635.0,
177,Guatemala,2021-09-11,"Moderna, Oxford/AstraZeneca",5524648,3754114.0,1770534.0,
178,Guatemala,2021-09-12,"Moderna, Oxford/AstraZeneca",5589348,3804269.0,1785079.0,
179,Guatemala,2021-09-13,"Moderna, Oxford/AstraZeneca",5700915,3867349.0,1833566.0,
180,Guatemala,2021-09-14,"Moderna, Oxford/AstraZeneca",5812857,3931445.0,1881412.0,
181,Guatemala,2021-09-15,"Moderna, Oxford/AstraZeneca",5862778,3963266.0,1899512.0,
182,Guatemala,2021-09-16,"Moderna, Oxford/AstraZeneca",5964194,4017554.0,1946640.0,
183,Guatemala,2021-09-17,"Moderna, Oxford/AstraZeneca",6070294,4073891.0,1996403.0,
184,Guatemala,2021-09-18,"Moderna, Oxford/AstraZeneca",6118069,4098782.0,2019287.0,
185,Guatemala,2021-09-19,"Moderna, Oxford/AstraZeneca",6148726,4116940.0,2031786.0,
186,Guatemala,2021-09-20,"Moderna, Oxford/AstraZeneca",6243535,4167136.0,2076399.0,
187,Guatemala,2021-09-21,"Moderna, Oxford/AstraZeneca",6335998,4215713.0,2120285.0,
188,Guatemala,2021-09-22,"Moderna, Oxford/AstraZeneca",6424045,4260633.0,2163412.0,
189,Guatemala,2021-09-23,"Moderna, Oxford/AstraZeneca",6511719,4303946.0,2207773.0,
190,Guatemala,2021-09-24,"Moderna, Oxford/AstraZeneca",6607982,4348674.0,2259308.0,
191,Guatemala,2021-09-25,"Moderna, Oxford/AstraZeneca",6653056,4369671.0,2283385.0,
192,Guatemala,2021-09-26,"Moderna, Oxford/AstraZeneca",6682813,4383577.0,2299236.0,
193,Guatemala,2021-09-27,"Moderna, Oxford/AstraZeneca",6757605,4418433.0,2339172.0,
194,Guatemala,2021-09-28,"Moderna, Oxford/AstraZeneca",6834159,4455369.0,2378790.0,
195,Guatemala,2021-09-29,"Moderna, Oxford/AstraZeneca",6904008,4489053.0,2414955.0,
196,Guatemala,2021-09-30,"Moderna, Oxford/AstraZeneca",6977782,4522494.0,2455288.0,
197,Guatemala,2021-10-01,"Moderna, Oxford/AstraZeneca",7057840,4557123.0,2500717.0,
198,Guatemala,2021-10-02,"Moderna, Oxford/AstraZeneca",7100558,4576144.0,2524414.0,
199,Guatemala,2021-10-03,"Moderna, Oxford/AstraZeneca",7133392,4592074.0,2541318.0,
200,Guatemala,2021-10-04,"Moderna, Oxford/AstraZeneca",7213436,4631637.0,2581799.0,
201,Guatemala,2021-10-05,"Moderna, Oxford/AstraZeneca",7302717,4676499.0,2626218.0,
202,Guatemala,2021-10-06,"Moderna, Oxford/AstraZeneca",7392283,4722177.0,2670106.0,
203,Guatemala,2021-10-07,"Moderna, Oxford/AstraZeneca",7478725,4763912.0,2714813.0,
204,Guatemala,2021-10-08,"Moderna, Oxford/AstraZeneca",7573644,4805693.0,2767951.0,
205,Guatemala,2021-10-09,"Moderna, Oxford/AstraZeneca",7618658,4827678.0,2790980.0,
206,Guatemala,2021-10-10,"Moderna, Oxford/AstraZeneca",7650606,4844170.0,2806436.0,
207,Guatemala,2021-10-11,"Moderna, Oxford/AstraZeneca",7728550,4883066.0,2845484.0,
208,Guatemala,2021-10-12,"Moderna, Oxford/AstraZeneca",7809902,4926983.0,2882919.0,
209,Guatemala,2021-10-13,"Moderna, Oxford/AstraZeneca",7881191,4966834.0,2914357.0,
210,Guatemala,2021-10-14,"Moderna, Oxford/AstraZeneca",7944209,4999319.0,2944890.0,
211,Guatemala,2021-10-15,"Moderna, Oxford/AstraZeneca",8010612,5034882.0,2975730.0,
212,Guatemala,2021-10-16,"Moderna, Oxford/AstraZeneca",8036610,5047669.0,2988941.0,
213,Guatemala,2021-10-17,"Moderna, Oxford/AstraZeneca",8054936,5056498.0,2998438.0,
214,Guatemala,2021-10-18,"Moderna, Oxford/AstraZeneca",8113337,5086999.0,3026338.0,
215,Guatemala,2021-10-19,"Moderna, Oxford/AstraZeneca",8167013,5114385.0,3052628.0,
216,Guatemala,2021-10-20,"Moderna, Oxford/AstraZeneca",8193031,5127386.0,3065645.0,
217,Guatemala,2021-10-21,"Moderna, Oxford/AstraZeneca",8244177,5154425.0,3089752.0,
218,Guatemala,2021-10-22,"Moderna, Oxford/AstraZeneca",8295369,5179616.0,3115753.0,
219,Guatemala,2021-10-23,"Moderna, Oxford/AstraZeneca",8316740,5189377.0,3127363.0,
220,Guatemala,2021-10-24,"Moderna, Oxford/AstraZeneca",8329583,5195331.0,3134252.0,
221,Guatemala,2021-10-25,"Moderna, Oxford/AstraZeneca",8376696,5218647.0,3158049.0,
222,Guatemala,2021-10-26,"Moderna, Oxford/AstraZeneca",8423218,5242813.0,3180405.0,
223,Guatemala,2021-10-27,"Moderna, Oxford/AstraZeneca",8469554,5266407.0,3203147.0,
224,Guatemala,2021-10-28,"Moderna, Oxford/AstraZeneca",8513344,5289609.0,3223735.0,
225,Guatemala,2021-10-29,"Moderna, Oxford/AstraZeneca",8563828,5315627.0,3248201.0,
226,Guatemala,2021-10-30,"Moderna, Oxford/AstraZeneca",8583003,5324634.0,3258369.0,
227,Guatemala,2021-10-31,"Moderna, Oxford/AstraZeneca",8596046,5331029.0,3265017.0,
228,Guatemala,2021-11-01,"Moderna, Oxford/AstraZeneca",8602132,5333906.0,3268226.0,
229,Guatemala,2021-11-02,"Moderna, Oxford/AstraZeneca",8638956,5352092.0,3286864.0,
230,Guatemala,2021-11-03,"Moderna, Oxford/AstraZeneca",8686555,5374574.0,3311981.0,
231,Guatemala,2021-11-04,"Moderna, Oxford/AstraZeneca",8734119,5394431.0,3339688.0,
232,Guatemala,2021-11-05,"Moderna, Oxford/AstraZeneca",8787762,5416288.0,3371474.0,
233,Guatemala,2021-11-06,"Moderna, Oxford/AstraZeneca",8810088,5423686.0,3386402.0,
234,Guatemala,2021-11-07,"Moderna, Oxford/AstraZeneca",8825957,5428399.0,3397558.0,
235,Guatemala,2021-11-08,"Moderna, Oxford/AstraZeneca",8884315,5450635.0,3433680.0,
236,Guatemala,2021-11-09,"Moderna, Oxford/AstraZeneca",8943271,5473684.0,3469587.0,
237,Guatemala,2021-11-10,"Moderna, Oxford/AstraZeneca",9000182,5497001.0,3503181.0,
238,Guatemala,2021-11-11,"Moderna, Oxford/AstraZeneca",9059336,5520839.0,3538497.0,
239,Guatemala,2021-11-12,"Moderna, Oxford/AstraZeneca",9124208,5546644.0,3577564.0,
240,Guatemala,2021-11-13,"Moderna, Oxford/AstraZeneca",9152370,5558781.0,3593589.0,
241,Guatemala,2021-11-14,"Moderna, Oxford/AstraZeneca",9174307,5568125.0,3606182.0,
242,Guatemala,2021-11-15,"Moderna, Oxford/AstraZeneca",9236146,5590955.0,3645191.0,
243,Guatemala,2021-11-16,"Moderna, Oxford/AstraZeneca",9292724,5612334.0,3680390.0,
244,Guatemala,2021-11-17,"Moderna, Oxford/AstraZeneca",9353918,5637669.0,3716249.0,
245,Guatemala,2021-11-18,"Moderna, Oxford/AstraZeneca",9406306,5658249.0,3748057.0,
246,Guatemala,2021-11-19,"Moderna, Oxford/AstraZeneca",9469775,5683520.0,3786255.0,
247,Guatemala,2021-11-20,"Moderna, Oxford/AstraZeneca",9511940,5706207.0,3805733.0,
248,Guatemala,2021-11-21,"Moderna, Oxford/AstraZeneca",9550884,5729433.0,3821451.0,
249,Guatemala,2021-11-22,"Moderna, Oxford/AstraZeneca",9619772,5761647.0,3858125.0,
250,Guatemala,2021-11-23,"Moderna, Oxford/AstraZeneca",9692583,5798003.0,3894580.0,
251,Guatemala,2021-11-24,"Moderna, Oxford/AstraZeneca",9766742,5837334.0,3929408.0,
252,Guatemala,2021-11-25,"Moderna, Oxford/AstraZeneca",9839426,5876618.0,3962808.0,
253,Guatemala,2021-11-26,"Moderna, Oxford/AstraZeneca",9880710,5899133.0,3981577.0,
254,Guatemala,2021-11-27,"Moderna, Oxford/AstraZeneca",9909441,5912669.0,3996772.0,
255,Guatemala,2021-11-28,"Moderna, Oxford/AstraZeneca",9932189,5923272.0,4008917.0,
256,Guatemala,2021-11-29,"Moderna, Oxford/AstraZeneca",10001156,5957797.0,4043359.0,
257,Guatemala,2021-11-30,"Moderna, Oxford/AstraZeneca",10070646,5993236.0,4077410.0,
258,El Salvador,2021-02-17,Oxford/AstraZeneca,0,0.0,,
259,El Salvador,2021-02-22,Oxford/AstraZeneca,6000,6000.0,,
260,El Salvador,2021-02-25,Oxford/AstraZeneca,16000,16000.0,,
261,El Salvador,2021-03-14,Oxford/AstraZeneca,25000,25000.0,,
262,El Salvador,2021-03-17,Oxford/AstraZeneca,36000,36000.0,,
263,El Salvador,2021-03-18,Oxford/AstraZeneca,41512,41512.0,,
264,El Salvador,2021-03-21,Oxford/AstraZeneca,49000,49000.0,,
265,El Salvador,2021-03-28,"Oxford/AstraZeneca, Pfizer/BioNTech",70000,70000.0,,
266,El Salvador,2021-03-31,"Oxford/AstraZeneca, Pfizer/BioNTech",99855,99855.0,,
267,El Salvador,2021-04-01,"Oxford/AstraZeneca, Pfizer/BioNTech",120476,120476.0,,
268,El Salvador,2021-04-02,"Oxford/AstraZeneca, Pfizer/BioNTech",133330,133330.0,,
269,El Salvador,2021-04-07,"Oxford/AstraZeneca, Pfizer/BioNTech, Sinovac",160000,160000.0,,
270,El Salvador,2021-04-09,"Oxford/AstraZeneca, Pfizer/BioNTech, Sinovac",180000,180000.0,,
271,El Salvador,2021-04-11,"Oxford/AstraZeneca, Pfizer/BioNTech, Sinovac",200000,200000.0,,
272,El Salvador,2021-04-12,"Oxford/AstraZeneca, Pfizer/BioNTech, Sinovac",264159,,,
273,El Salvador,2021-04-13,"Oxford/AstraZeneca, Pfizer/BioNTech, Sinovac",310793,308426.0,2367.0,
274,El Salvador,2021-04-14,"Oxford/AstraZeneca, Pfizer/BioNTech, Sinovac",361474,355941.0,5533.0,
275,El Salvador,2021-04-15,"Oxford/AstraZeneca, Pfizer/BioNTech, Sinovac",410810,401179.0,9631.0,
276,El Salvador,2021-04-16,"Oxford/AstraZeneca, Pfizer/BioNTech, Sinovac",460565,445109.0,15456.0,
277,El Salvador,2021-04-17,"Oxford/AstraZeneca, Pfizer/BioNTech, Sinovac",502013,483638.0,18375.0,
278,El Salvador,2021-04-19,"Oxford/AstraZeneca, Pfizer/BioNTech, Sinovac",547566,,,
279,El Salvador,2021-04-20,"Oxford/AstraZeneca, Pfizer/BioNTech, Sinovac",622912,,,
280,El Salvador,2021-04-22,"Oxford/AstraZeneca, Pfizer/BioNTech, Sinovac",656687,632613.0,24074.0,
281,El Salvador,2021-04-23,"Oxford/AstraZeneca, Pfizer/BioNTech, Sinovac",698569,674495.0,24074.0,
282,El Salvador,2021-04-26,"Oxford/AstraZeneca, Pfizer/BioNTech, Sinovac",745602,718089.0,27513.0,
283,El Salvador,2021-04-27,"Oxford/AstraZeneca, Pfizer/BioNTech, Sinovac",788173,747918.0,40255.0,
284,El Salvador,2021-04-28,"Oxford/AstraZeneca, Pfizer/BioNTech, Sinovac",833959,775959.0,58000.0,
285,El Salvador,2021-04-29,"Oxford/AstraZeneca, Pfizer/BioNTech, Sinovac",875069,806790.0,68279.0,
286,El Salvador,2021-04-30,"Oxford/AstraZeneca, Pfizer/BioNTech, Sinovac",915725,839870.0,75855.0,
287,El Salvador,2021-05-04,"Oxford/AstraZeneca, Pfizer/BioNTech, Sinovac",991133,890109.0,101024.0,
288,El Salvador,2021-05-05,"Oxford/AstraZeneca, Pfizer/BioNTech, Sinovac",1029887,917399.0,112488.0,
289,El Salvador,2021-05-06,"Oxford/AstraZeneca, Pfizer/BioNTech, Sinovac",1068428,941508.0,126920.0,
290,El Salvador,2021-05-07,"Oxford/AstraZeneca, Pfizer/BioNTech, Sinovac",1114544,958828.0,155716.0,
291,El Salvador,2021-05-11,"Oxford/AstraZeneca, Pfizer/BioNTech, Sinovac",1167672,969970.0,197702.0,
292,El Salvador,2021-05-13,"Oxford/AstraZeneca, Pfizer/BioNTech, Sinovac",1260574,995901.0,264673.0,
293,El Salvador,2021-05-14,"Oxford/AstraZeneca, Pfizer/BioNTech, Sinovac",1310249,1012645.0,297604.0,
294,El Salvador,2021-05-15,"Oxford/AstraZeneca, Pfizer/BioNTech, Sinovac",1350587,1024727.0,325860.0,
295,El Salvador,2021-05-17,"Oxford/AstraZeneca, Pfizer/BioNTech, Sinovac",1402386,1036121.0,366265.0,
296,El Salvador,2021-05-18,"Oxford/AstraZeneca, Pfizer/BioNTech, Sinovac",1451933,1051425.0,400508.0,
297,El Salvador,2021-05-19,"Oxford/AstraZeneca, Pfizer/BioNTech, Sinovac",1497261,1066112.0,431149.0,
298,El Salvador,2021-05-20,"Oxford/AstraZeneca, Pfizer/BioNTech, Sinovac",1543904,1079935.0,463969.0,
299,El Salvador,2021-05-21,"Oxford/AstraZeneca, Pfizer/BioNTech, Sinovac",1598841,1083936.0,514905.0,
300,El Salvador,2021-05-22,"Oxford/AstraZeneca, Pfizer/BioNTech, Sinovac",1642451,1097762.0,544689.0,
301,El Salvador,2021-05-24,"Oxford/AstraZeneca, Pfizer/BioNTech, Sinovac",1693183,1101172.0,592011.0,
302,El Salvador,2021-05-25,"Oxford/AstraZeneca, Pfizer/BioNTech, Sinovac",1741651,1109726.0,631925.0,
303,El Salvador,2021-05-26,"Oxford/AstraZeneca, Pfizer/BioNTech, Sinovac",1787527,1115104.0,672423.0,
304,El Salvador,2021-05-27,"Oxford/AstraZeneca, Pfizer/BioNTech, Sinovac",1832228,1118980.0,713248.0,
305,El Salvador,2021-05-31,"Oxford/AstraZeneca, Pfizer/BioNTech, Sinovac",1925770,1140890.0,784880.0,
306,El Salvador,2021-06-01,"Oxford/AstraZeneca, Pfizer/BioNTech, Sinovac",1971247,1153150.0,818097.0,
307,El Salvador,2021-06-02,"Oxford/AstraZeneca, Pfizer/BioNTech, Sinovac",2015408,1169097.0,846311.0,
308,El Salvador,2021-06-07,"Oxford/AstraZeneca, Pfizer/BioNTech, Sinovac",2147224,1245684.0,901540.0,
309,El Salvador,2021-06-09,"Oxford/AstraZeneca, Pfizer/BioNTech, Sinovac",2231365,1300747.0,930618.0,
310,El Salvador,2021-06-11,"Oxford/AstraZeneca, Pfizer/BioNTech, Sinovac",2310924,1345716.0,965208.0,
311,El Salvador,2021-06-15,"Oxford/AstraZeneca, Pfizer/BioNTech, Sinovac",2388927,1384489.0,1004438.0,
312,El Salvador,2021-06-16,"Oxford/AstraZeneca, Pfizer/BioNTech, Sinovac",2427457,1407787.0,1019670.0,
313,El Salvador,2021-06-18,"Oxford/AstraZeneca, Pfizer/BioNTech, Sinovac",2466561,1425927.0,1040634.0,
314,El Salvador,2021-06-21,"Oxford/AstraZeneca, Pfizer/BioNTech, Sinovac",2506257,1445369.0,1060888.0,
315,El Salvador,2021-06-22,"Oxford/AstraZeneca, Pfizer/BioNTech, Sinovac",2546316,1475388.0,1070928.0,
316,El Salvador,2021-06-23,"Oxford/AstraZeneca, Pfizer/BioNTech, Sinovac",2586522,1508453.0,1078069.0,
317,El Salvador,2021-06-25,"Oxford/AstraZeneca, Pfizer/BioNTech, Sinovac",2674605,1585582.0,1089023.0,
318,El Salvador,2021-07-01,"Oxford/AstraZeneca, Pfizer/BioNTech, Sinovac",2846177,1703849.0,1142328.0,
319,El Salvador,2021-07-02,"Oxford/AstraZeneca, Pfizer/BioNTech, Sinovac",2890503,1727992.0,1162511.0,
320,El Salvador,2021-07-06,"Oxford/AstraZeneca, Pfizer/BioNTech, Sinovac",2984932,1775190.0,1209742.0,
321,El Salvador,2021-07-08,"Oxford/AstraZeneca, Pfizer/BioNTech, Sinovac",3136924,1891203.0,1245721.0,
322,El Salvador,2021-07-09,"Oxford/AstraZeneca, Pfizer/BioNTech, Sinovac",3212880,1951564.0,1261316.0,
323,El Salvador,2021-07-12,"Oxford/AstraZeneca, Pfizer/BioNTech, Sinovac",3283993,2011356.0,1272637.0,
324,El Salvador,2021-07-13,"Oxford/AstraZeneca, Pfizer/BioNTech, Sinovac",3352783,2064686.0,1288097.0,
325,El Salvador,2021-07-14,"Oxford/AstraZeneca, Pfizer/BioNTech, Sinovac",3422214,2118271.0,1303943.0,
326,El Salvador,2021-07-16,"Oxford/AstraZeneca, Pfizer/BioNTech, Sinovac",3563392,2239434.0,1323958.0,
327,El Salvador,2021-07-19,"Oxford/AstraZeneca, Pfizer/BioNTech, Sinovac",3638261,2300055.0,1338206.0,
328,El Salvador,2021-07-20,"Oxford/AstraZeneca, Pfizer/BioNTech, Sinovac",3710703,2354228.0,1356475.0,
329,El Salvador,2021-07-21,"Oxford/AstraZeneca, Pfizer/BioNTech, Sinovac",3784373,2411606.0,1372767.0,
330,El Salvador,2021-07-22,"Oxford/AstraZeneca, Pfizer/BioNTech, Sinovac",3860861,2468324.0,1392537.0,
331,El Salvador,2021-07-23,"Oxford/AstraZeneca, Pfizer/BioNTech, Sinovac",3937603,2527604.0,1409999.0,
332,El Salvador,2021-07-26,"Oxford/AstraZeneca, Pfizer/BioNTech, Sinovac",4017205,2592926.0,1424279.0,
333,El Salvador,2021-07-27,"Oxford/AstraZeneca, Pfizer/BioNTech, Sinovac",4093631,2653346.0,1440285.0,
334,El Salvador,2021-07-28,"Oxford/AstraZeneca, Pfizer/BioNTech, Sinovac",4167931,2710883.0,1457048.0,
335,El Salvador,2021-07-29,"Oxford/AstraZeneca, Pfizer/BioNTech, Sinovac",4237736,2763989.0,1473747.0,
336,El Salvador,2021-07-30,"Oxford/AstraZeneca, Pfizer/BioNTech, Sinovac",4309189,2821728.0,1487461.0,
337,El Salvador,2021-08-02,"Oxford/AstraZeneca, Pfizer/BioNTech, Sinopharm/Beijing, Sinovac",4394410,2896621.0,1497789.0,
338,El Salvador,2021-08-03,"Oxford/AstraZeneca, Pfizer/BioNTech, Sinopharm/Beijing, Sinovac",4482248,2933053.0,1549195.0,
339,El Salvador,2021-08-04,"Oxford/AstraZeneca, Pfizer/BioNTech, Sinopharm/Beijing, Sinovac",4578306,2966136.0,1612170.0,
340,El Salvador,2021-08-05,"Oxford/AstraZeneca, Pfizer/BioNTech, Sinopharm/Beijing, Sinovac",4664353,3034231.0,1630122.0,
341,El Salvador,2021-08-09,"Oxford/AstraZeneca, Pfizer/BioNTech, Sinopharm/Beijing, Sinovac",4763079,3062555.0,1700524.0,
342,El Salvador,2021-08-10,"Oxford/AstraZeneca, Pfizer/BioNTech, Sinopharm/Beijing, Sinovac",4858601,3093546.0,1765055.0,
343,El Salvador,2021-08-11,"Oxford/AstraZeneca, Pfizer/BioNTech, Sinopharm/Beijing, Sinovac",4950992,3133669.0,1817323.0,
344,El Salvador,2021-08-12,"Oxford/AstraZeneca, Pfizer/BioNTech, Sinopharm/Beijing, Sinovac",5045981,3170859.0,1875122.0,
345,El Salvador,2021-08-13,"Oxford/AstraZeneca, Pfizer/BioNTech, Sinopharm/Beijing, Sinovac",5143912,3213935.0,1929977.0,
346,El Salvador,2021-08-16,"Oxford/AstraZeneca, Pfizer/BioNTech, Sinopharm/Beijing, Sinovac",5235185,3242244.0,1992941.0,
347,El Salvador,2021-08-17,"Oxford/AstraZeneca, Pfizer/BioNTech, Sinopharm/Beijing, Sinovac",5327451,3273631.0,2053820.0,
348,El Salvador,2021-08-18,"Oxford/AstraZeneca, Pfizer/BioNTech, Sinopharm/Beijing, Sinovac",5417193,3306114.0,2111079.0,
349,El Salvador,2021-08-19,"Oxford/AstraZeneca, Pfizer/BioNTech, Sinopharm/Beijing, Sinovac",5509567,3324137.0,2185430.0,
350,El Salvador,2021-08-20,"Oxford/AstraZeneca, Pfizer/BioNTech, Sinopharm/Beijing, Sinovac",5602223,3341998.0,2260225.0,
351,El Salvador,2021-08-23,"Oxford/AstraZeneca, Pfizer/BioNTech, Sinopharm/Beijing, Sinovac",5700847,3362515.0,2338332.0,
352,El Salvador,2021-08-24,"Oxford/AstraZeneca, Pfizer/BioNTech, Sinopharm/Beijing, Sinovac",5794261,3383511.0,2410750.0,
353,El Salvador,2021-08-25,"Oxford/AstraZeneca, Pfizer/BioNTech, Sinopharm/Beijing, Sinovac",5896289,3410745.0,2485544.0,
354,El Salvador,2021-08-27,"Oxford/AstraZeneca, Pfizer/BioNTech, Sinopharm/Beijing, Sinovac",6104902,3478958.0,2625944.0,
355,El Salvador,2021-08-30,"Oxford/AstraZeneca, Pfizer/BioNTech, Sinopharm/Beijing, Sinovac",6207894,3501844.0,2706050.0,
356,El Salvador,2021-08-31,"Oxford/AstraZeneca, Pfizer/BioNTech, Sinopharm/Beijing, Sinovac",6298361,3539933.0,2758428.0,
357,El Salvador,2021-09-02,"Oxford/AstraZeneca, Pfizer/BioNTech, Sinopharm/Beijing, Sinovac",6470252,3594559.0,2875693.0,
358,El Salvador,2021-09-03,"Oxford/AstraZeneca, Pfizer/BioNTech, Sinopharm/Beijing, Sinovac",6548819,3654043.0,2894776.0,
359,El Salvador,2021-09-06,"Oxford/AstraZeneca, Pfizer/BioNTech, Sinopharm/Beijing, Sinovac",6625116,3697347.0,2927769.0,
360,El Salvador,2021-09-07,"Oxford/AstraZeneca, Pfizer/BioNTech, Sinopharm/Beijing, Sinovac",6692185,3731756.0,2960429.0,
361,El Salvador,2021-09-09,"Oxford/AstraZeneca, Pfizer/BioNTech, Sinopharm/Beijing, Sinovac",6827005,3790602.0,3036403.0,
362,El Salvador,2021-09-10,"Oxford/AstraZeneca, Pfizer/BioNTech, Sinopharm/Beijing, Sinovac",6892912,3818524.0,3074388.0,
363,El Salvador,2021-09-13,"Oxford/AstraZeneca, Pfizer/BioNTech, Sinopharm/Beijing, Sinovac",6954648,3847187.0,3107461.0,
364,El Salvador,2021-09-14,"Oxford/AstraZeneca, Pfizer/BioNTech, Sinopharm/Beijing, Sinovac",7010709,3861053.0,3149656.0,
365,El Salvador,2021-09-16,"Oxford/AstraZeneca, Pfizer/BioNTech, Sinopharm/Beijing, Sinovac",7065918,3875388.0,3190530.0,
366,El Salvador,2021-09-19,"Oxford/AstraZeneca, Pfizer/BioNTech, Sinopharm/Beijing, Sinovac",7153847,3907613.0,3246234.0,
367,El Salvador,2021-09-21,"Oxford/AstraZeneca, Pfizer/BioNTech, Sinopharm/Beijing, Sinovac",7184406,3933200.0,3251206.0,
368,El Salvador,2021-09-22,"Oxford/AstraZeneca, Pfizer/BioNTech, Sinopharm/Beijing, Sinovac",7233466,3962912.0,3270554.0,
369,El Salvador,2021-09-23,"Oxford/AstraZeneca, Pfizer/BioNTech, Sinopharm/Beijing, Sinovac",7297994,4007200.0,3290794.0,
370,El Salvador,2021-09-26,"Oxford/AstraZeneca, Pfizer/BioNTech, Sinopharm/Beijing, Sinovac",7349843,4036100.0,3308736.0,5007.0
371,El Salvador,2021-09-27,"Oxford/AstraZeneca, Pfizer/BioNTech, Sinopharm/Beijing, Sinovac",7396969,4055962.0,3327590.0,13417.0
372,El Salvador,2021-09-29,"Oxford/AstraZeneca, Pfizer/BioNTech, Sinopharm/Beijing, Sinovac",7525604,4088016.0,3396764.0,40824.0
373,El Salvador,2021-09-30,"Oxford/AstraZeneca, Pfizer/BioNTech, Sinopharm/Beijing, Sinovac",7584818,4107518.0,3416168.0,61132.0
374,El Salvador,2021-10-03,"Oxford/AstraZeneca, Pfizer/BioNTech, Sinopharm/Beijing, Sinovac",7653662,4122611.0,3452992.0,78059.0
375,El Salvador,2021-10-04,"Oxford/AstraZeneca, Pfizer/BioNTech, Sinopharm/Beijing, Sinovac",7717946,4135720.0,3488144.0,94082.0
376,El Salvador,2021-10-05,"Oxford/AstraZeneca, Pfizer/BioNTech, Sinopharm/Beijing, Sinovac",7782745,4147316.0,3516535.0,118894.0
377,El Salvador,2021-10-06,"Oxford/AstraZeneca, Pfizer/BioNTech, Sinopharm/Beijing, Sinovac",7836443,4160845.0,3530340.0,145258.0
378,El Salvador,2021-10-07,"Oxford/AstraZeneca, Pfizer/BioNTech, Sinopharm/Beijing, Sinovac",7891779,4173627.0,3544315.0,173837.0
379,El Salvador,2021-10-10,"Oxford/AstraZeneca, Pfizer/BioNTech, Sinopharm/Beijing, Sinovac",7947486,4188803.0,3555188.0,203495.0
380,El Salvador,2021-10-11,"Oxford/AstraZeneca, Pfizer/BioNTech, Sinopharm/Beijing, Sinovac",7994792,4199362.0,3571027.0,224403.0
381,El Salvador,2021-10-12,"Oxford/AstraZeneca, Pfizer/BioNTech, Sinopharm/Beijing, Sinovac",8031932,4208954.0,3579009.0,243969.0
382,El Salvador,2021-10-13,"Oxford/AstraZeneca, Pfizer/BioNTech, Sinopharm/Beijing, Sinovac",8062316,4218112.0,3582553.0,261651.0
383,El Salvador,2021-10-14,"Oxford/AstraZeneca, Pfizer/BioNTech, Sinopharm/Beijing, Sinovac",8096778,4227768.0,3588788.0,280222.0
384,El Salvador,2021-10-17,"Oxford/AstraZeneca, Pfizer/BioNTech, Sinopharm/Beijing, Sinovac",8141990,4239093.0,3601685.0,301212.0
385,El Salvador,2021-10-18,"Oxford/AstraZeneca, Pfizer/BioNTech, Sinopharm/Beijing, Sinovac",8178337,4246672.0,3616154.0,315511.0
386,El Salvador,2021-10-25,"Oxford/AstraZeneca, Pfizer/BioNTech, Sinopharm/Beijing, Sinovac",8411708,4288124.0,3738859.0,380265.0
387,El Salvador,2021-10-28,"Oxford/AstraZeneca, Pfizer/BioNTech, Sinopharm/Beijing, Sinovac",8516654,4314392.0,3789448.0,412814.0
388,El Salvador,2021-11-03,"Oxford/AstraZeneca, Pfizer/BioNTech, Sinopharm/Beijing, Sinovac",8639894,4335972.0,3861181.0,442741.0
389,El Salvador,2021-11-04,"Oxford/AstraZeneca, Pfizer/BioNTech, Sinopharm/Beijing, Sinovac",8674987,4341703.0,3880753.0,452531.0
390,El Salvador,2021-11-08,"Oxford/AstraZeneca, Pfizer/BioNTech, Sinopharm/Beijing, Sinovac",8755860,4356063.0,3923192.0,476605.0
391,El Salvador,2021-11-09,"Oxford/AstraZeneca, Pfizer/BioNTech, Sinopharm/Beijing, Sinovac",8788164,4362189.0,3938106.0,487869.0
392,El Salvador,2021-11-10,"Oxford/AstraZeneca, Pfizer/BioNTech, Sinopharm/Beijing, Sinovac",8818648,4367938.0,3952578.0,498132.0
393,El Salvador,2021-11-11,"Oxford/AstraZeneca, Pfizer/BioNTech, Sinopharm/Beijing, Sinovac",8850980,4374244.0,3966814.0,509922.0
394,El Salvador,2021-11-14,"Oxford/AstraZeneca, Pfizer/BioNTech, Sinopharm/Beijing, Sinovac",8888705,4380340.0,3978938.0,529427.0
395,El Salvador,2021-11-16,"Oxford/AstraZeneca, Pfizer/BioNTech, Sinopharm/Beijing, Sinovac",8946050,4390900.0,3997138.0,558012.0
396,El Salvador,2021-11-21,"Oxford/AstraZeneca, Pfizer/BioNTech, Sinopharm/Beijing, Sinovac",9025531,4398558.0,4017425.0,609548.0
397,El Salvador,2021-11-22,"Oxford/AstraZeneca, Pfizer/BioNTech, Sinopharm/Beijing, Sinovac",9052869,4403566.0,4024060.0,625243.0
398,El Salvador,2021-11-23,"Oxford/AstraZeneca, Pfizer/BioNTech, Sinopharm/Beijing, Sinovac",9074239,4407553.0,4028717.0,637969.0
399,El Salvador,2021-11-24,"Oxford/AstraZeneca, Pfizer/BioNTech, Sinopharm/Beijing, Sinovac",9121715,4416185.0,4041016.0,664514.0
400,El Salvador,2021-11-28,"Oxford/AstraZeneca, Pfizer/BioNTech, Sinopharm/Beijing, Sinovac",9143938,4420243.0,4048432.0,675263.0
401,El Salvador,2021-11-30,"Oxford/AstraZeneca, Pfizer/BioNTech, Sinopharm/Beijing, Sinovac",9179875,4428668.0,4059302.0,691905.0
